{
  "player_walk_left": [
    { "id": 0, "x": 0, "y": 0, "width": 32, "height": 32 },
    { "id": 1, "x": 32, "y": 0, "width": 32, "height": 32 },
    { "id": 2, "x": 64, "y": 0, "width": 32, "height": 32 },
    { "id": 3, "x": 96, "y": 0, "width": 32, "height": 32 },
    { "id": 4, "x": 128, "y": 0, "width": 32, "height": 32 },
    { "id": 5, "x": 160, "y": 0, "width": 32, "height": 32 },
    { "id": 6, "x": 192, "y": 0, "width": 32, "height": 32 }
  ],
  "tiles": [
    { "id": 0, "name": "tile_0", "x": 0, "y": 32, "width": 32, "height": 32 },
    { "id": 1, "name": "tile_1", "x": 32, "y": 32, "width": 32, "height": 32 },
    { "id": 2, "name": "tile_2", "x": 64, "y": 32, "width": 32, "height": 32 },
    { "id": 3, "name": "tile_3", "x": 96, "y": 32, "width": 32, "height": 32 },
    { "id": 4, "name": "tile_4", "x": 128, "y": 32, "width": 32, "height": 32 },
    { "id": 5, "name": "tile_5", "x": 160, "y": 32, "width": 32, "height": 32 }
  ]
}
